Workbook

Sheet Student Grades
A1: 🎓 STUDENT GRADE MANAGEMENT SYSTEM
A2: Academic Year 2024-25 | Class: XII-A | School: ABC Public School
A4: Roll No | B4: Student Name | C4: Math (/100) | D4: Science (/100) | E4: English (/100) | F4: Hindi (/100) | G4: S.Studies (/100) | H4: Computer (/100) | I4: Total (/600) | J4: Percentage (%) | K4: Grade | L4: Rank | M4: Pass/Fail | N4: Remarks | O4: Attendance (%)
A5: 1 | B5: Aarav Sharma | C5: 88 | D5: 92 | E5: 76 | F5: 85 | G5: 80 | H5: 91 | I5: =SUM(C5:H5) -> 512 | J5: =ROUND(I5/600*100,2) -> 85.33 | K5: =IF(J5>=90,"A+",IF(J5>=80,"A",IF(J5>=70,"B+",IF(J5>=60,"B",IF(J5>=50,"C",IF(J5>=40,"D","F")))))) -> A | L5: =RANK(J5,J$5:J$19,0) -> 6 | M5: =IF(AND(C5>=35,D5>=35,E5>=35,F5>=35,G5>=35,H5>=35),"✅ PASS","❌ FAIL") -> ✅ PASS | N5: =IF(J5>=90,"Outstanding",IF(J5>=80,"Excellent",IF(J5>=70,"Very Good",IF(J5>=60,"Good",IF(J5>=50,"Average","Needs Improvement"))))) -> Excellent | O5: 92
A6: 2 | B6: Priya Singh | C6: 95 | D6: 88 | E6: 91 | F6: 78 | G6: 87 | H6: 93 | I6: =SUM(C6:H6) -> 532 | J6: =ROUND(I6/600*100,2) -> 88.67 | K6: =IF(J6>=90,"A+",IF(J6>=80,"A",IF(J6>=70,"B+",IF(J6>=60,"B",IF(J6>=50,"C",IF(J6>=40,"D","F")))))) -> A | L6: =RANK(J6,J$5:J$19,0) -> 4 | M6: =IF(AND(C6>=35,D6>=35,E6>=35,F6>=35,G6>=35,H6>=35),"✅ PASS","❌ FAIL") -> ✅ PASS | N6: =IF(J6>=90,"Outstanding",IF(J6>=80,"Excellent",IF(J6>=70,"Very Good",IF(J6>=60,"Good",IF(J6>=50,"Average","Needs Improvement"))))) -> Excellent | O6: 97
A7: 3 | B7: Rohan Verma | C7: 72 | D7: 65 | E7: 80 | F7: 70 | G7: 68 | H7: 75 | I7: =SUM(C7:H7) -> 430 | J7: =ROUND(I7/600*100,2) -> 71.67 | K7: =IF(J7>=90,"A+",IF(J7>=80,"A",IF(J7>=70,"B+",IF(J7>=60,"B",IF(J7>=50,"C",IF(J7>=40,"D","F")))))) -> B+ | L7: =RANK(J7,J$5:J$19,0) -> 11 | M7: =IF(AND(C7>=35,D7>=35,E7>=35,F7>=35,G7>=35,H7>=35),"✅ PASS","❌ FAIL") -> ✅ PASS | N7: =IF(J7>=90,"Outstanding",IF(J7>=80,"Excellent",IF(J7>=70,"Very Good",IF(J7>=60,"Good",IF(J7>=50,"Average","Needs Improvement"))))) -> Very Good | O7: 85
A8: 4 | B8: Anjali Gupta | C8: 85 | D8: 90 | E8: 88 | F8: 92 | G8: 91 | H8: 89 | I8: =SUM(C8:H8) -> 535 | J8: =ROUND(I8/600*100,2) -> 89.17 | K8: =IF(J8>=90,"A+",IF(J8>=80,"A",IF(J8>=70,"B+",IF(J8>=60,"B",IF(J8>=50,"C",IF(J8>=40,"D","F")))))) -> A | L8: =RANK(J8,J$5:J$19,0) -> 3 | M8: =IF(AND(C8>=35,D8>=35,E8>=35,F8>=35,G8>=35,H8>=35),"✅ PASS","❌ FAIL") -> ✅ PASS | N8: =IF(J8>=90,"Outstanding",IF(J8>=80,"Excellent",IF(J8>=70,"Very Good",IF(J8>=60,"Good",IF(J8>=50,"Average","Needs Improvement"))))) -> Excellent | O8: 99
A9: 5 | B9: Vikram Patel | C9: 60 | D9: 58 | E9: 65 | F9: 72 | G9: 62 | H9: 55 | I9: =SUM(C9:H9) -> 372 | J9: =ROUND(I9/600*100,2) -> 62 | K9: =IF(J9>=90,"A+",IF(J9>=80,"A",IF(J9>=70,"B+",IF(J9>=60,"B",IF(J9>=50,"C",IF(J9>=40,"D","F")))))) -> B | L9: =RANK(J9,J$5:J$19,0) -> 13 | M9: =IF(AND(C9>=35,D9>=35,E9>=35,F9>=35,G9>=35,H9>=35),"✅ PASS","❌ FAIL") -> ✅ PASS | N9: =IF(J9>=90,"Outstanding",IF(J9>=80,"Excellent",IF(J9>=70,"Very Good",IF(J9>=60,"Good",IF(J9>=50,"Average","Needs Improvement"))))) -> Good | O9: 78
A10: 6 | B10: Sneha Yadav | C10: 78 | D10: 82 | E10: 74 | F10: 80 | G10: 76 | H10: 85 | I10: =SUM(C10:H10) -> 475 | J10: =ROUND(I10/600*100,2) -> 79.17 | K10: =IF(J10>=90,"A+",IF(J10>=80,"A",IF(J10>=70,"B+",IF(J10>=60,"B",IF(J10>=50,"C",IF(J10>=40,"D","F")))))) -> B+ | L10: =RANK(J10,J$5:J$19,0) -> 8 | M10: =IF(AND(C10>=35,D10>=35,E10>=35,F10>=35,G10>=35,H10>=35),"✅ PASS","❌ FAIL") -> ✅ PASS | N10: =IF(J10>=90,"Outstanding",IF(J10>=80,"Excellent",IF(J10>=70,"Very Good",IF(J10>=60,"Good",IF(J10>=50,"Average","Needs Improvement"))))) -> Very Good | O10: 90
A11: 7 | B11: Arjun Mehta | C11: 91 | D11: 95 | E11: 89 | F11: 85 | G11: 93 | H11: 97 | I11: =SUM(C11:H11) -> 550 | J11: =ROUND(I11/600*100,2) -> 91.67 | K11: =IF(J11>=90,"A+",IF(J11>=80,"A",IF(J11>=70,"B+",IF(J11>=60,"B",IF(J11>=50,"C",IF(J11>=40,"D","F")))))) -> A+ | L11: =RANK(J11,J$5:J$19,0) -> 2 | M11: =IF(AND(C11>=35,D11>=35,E11>=35,F11>=35,G11>=35,H11>=35),"✅ PASS","❌ FAIL") -> ✅ PASS | N11: =IF(J11>=90,"Outstanding",IF(J11>=80,"Excellent",IF(J11>=70,"Very Good",IF(J11>=60,"Good",IF(J11>=50,"Average","Needs Improvement"))))) -> Outstanding | O11: 98
A12: 8 | B12: Kavya Reddy | C12: 55 | D12: 60 | E12: 70 | F12: 65 | G12: 58 | H12: 62 | I12: =SUM(C12:H12) -> 370 | J12: =ROUND(I12/600*100,2) -> 61.67 | K12: =IF(J12>=90,"A+",IF(J12>=80,"A",IF(J12>=70,"B+",IF(J12>=60,"B",IF(J12>=50,"C",IF(J12>=40,"D","F")))))) -> B | L12: =RANK(J12,J$5:J$19,0) -> 14 | M12: =IF(AND(C12>=35,D12>=35,E12>=35,F12>=35,G12>=35,H12>=35),"✅ PASS","❌ FAIL") -> ✅ PASS | N12: =IF(J12>=90,"Outstanding",IF(J12>=80,"Excellent",IF(J12>=70,"Very Good",IF(J12>=60,"Good",IF(J12>=50,"Average","Needs Improvement"))))) -> Good | O12: 72
A13: 9 | B13: Rahul Tiwari | C13: 82 | D13: 78 | E13: 85 | F13: 79 | G13: 81 | H13: 84 | I13: =SUM(C13:H13) -> 489 | J13: =ROUND(I13/600*100,2) -> 81.5 | K13: =IF(J13>=90,"A+",IF(J13>=80,"A",IF(J13>=70,"B+",IF(J13>=60,"B",IF(J13>=50,"C",IF(J13>=40,"D","F")))))) -> A | L13: =RANK(J13,J$5:J$19,0) -> 7 | M13: =IF(AND(C13>=35,D13>=35,E13>=35,F13>=35,G13>=35,H13>=35),"✅ PASS","❌ FAIL") -> ✅ PASS | N13: =IF(J13>=90,"Outstanding",IF(J13>=80,"Excellent",IF(J13>=70,"Very Good",IF(J13>=60,"Good",IF(J13>=50,"Average","Needs Improvement"))))) -> Excellent | O13: 94
A14: 10 | B14: Nisha Joshi | C14: 70 | D14: 74 | E14: 68 | F14: 75 | G14: 72 | H14: 78 | I14: =SUM(C14:H14) -> 437 | J14: =ROUND(I14/600*100,2) -> 72.83 | K14: =IF(J14>=90,"A+",IF(J14>=80,"A",IF(J14>=70,"B+",IF(J14>=60,"B",IF(J14>=50,"C",IF(J14>=40,"D","F")))))) -> B+ | L14: =RANK(J14,J$5:J$19,0) -> 10 | M14: =IF(AND(C14>=35,D14>=35,E14>=35,F14>=35,G14>=35,H14>=35),"✅ PASS","❌ FAIL") -> ✅ PASS | N14: =IF(J14>=90,"Outstanding",IF(J14>=80,"Excellent",IF(J14>=70,"Very Good",IF(J14>=60,"Good",IF(J14>=50,"Average","Needs Improvement"))))) -> Very Good | O14: 88
A15: 11 | B15: Amit Kumar | C15: 45 | D15: 50 | E15: 55 | F15: 60 | G15: 48 | H15: 52 | I15: =SUM(C15:H15) -> 310 | J15: =ROUND(I15/600*100,2) -> 51.67 | K15: =IF(J15>=90,"A+",IF(J15>=80,"A",IF(J15>=70,"B+",IF(J15>=60,"B",IF(J15>=50,"C",IF(J15>=40,"D","F")))))) -> C | L15: =RANK(J15,J$5:J$19,0) -> 15 | M15: =IF(AND(C15>=35,D15>=35,E15>=35,F15>=35,G15>=35,H15>=35),"✅ PASS","❌ FAIL") -> ✅ PASS | N15: =IF(J15>=90,"Outstanding",IF(J15>=80,"Excellent",IF(J15>=70,"Very Good",IF(J15>=60,"Good",IF(J15>=50,"Average","Needs Improvement"))))) -> Average | O15: 68
A16: 12 | B16: Pooja Sharma | C16: 88 | D16: 84 | E16: 90 | F16: 88 | G16: 86 | H16: 91 | I16: =SUM(C16:H16) -> 527 | J16: =ROUND(I16/600*100,2) -> 87.83 | K16: =IF(J16>=90,"A+",IF(J16>=80,"A",IF(J16>=70,"B+",IF(J16>=60,"B",IF(J16>=50,"C",IF(J16>=40,"D","F")))))) -> A | L16: =RANK(J16,J$5:J$19,0) -> 5 | M16: =IF(AND(C16>=35,D16>=35,E16>=35,F16>=35,G16>=35,H16>=35),"✅ PASS","❌ FAIL") -> ✅ PASS | N16: =IF(J16>=90,"Outstanding",IF(J16>=80,"Excellent",IF(J16>=70,"Very Good",IF(J16>=60,"Good",IF(J16>=50,"Average","Needs Improvement"))))) -> Excellent | O16: 96
... A19: 15 | B19: Divya Agarwal | C19: 93 | D19: 91 | E19: 95 | F19: 90 | G19: 94 | H19: 96 | I19: =SUM(C19:H19) -> 559 | J19: =ROUND(I19/600*100,2) -> 93.17 | K19: =IF(J19>=90,"A+",IF(J19>=80,"A",IF(J19>=70,"B+",IF(J19>=60,"B",IF(J19>=50,"C",IF(J19>=40,"D","F")))))) -> A+ | L19: =RANK(J19,J$5:J$19,0) -> 1 | M19: =IF(AND(C19>=35,D19>=35,E19>=35,F19>=35,G19>=35,H19>=35),"✅ PASS","❌ FAIL") -> ✅ PASS | N19: =IF(J19>=90,"Outstanding",IF(J19>=80,"Excellent",IF(J19>=70,"Very Good",IF(J19>=60,"Good",IF(J19>=50,"Average","Needs Improvement"))))) -> Outstanding | O19: 100
A20: Class Average | C20: =ROUND(AVERAGE(C5:C19),1) -> 76 | D20: =ROUND(AVERAGE(D5:D19),1) -> 76.8 | E20: =ROUND(AVERAGE(E5:E19),1) -> 77.9 | F20: =ROUND(AVERAGE(F5:F19),1) -> 77.7 | G20: =ROUND(AVERAGE(G5:G19),1) -> 75.7 | H20: =ROUND(AVERAGE(H5:H19),1) -> 79.3 | I20: =ROUND(AVERAGE(I5:I19),1) -> 463.4 | J20: =ROUND(AVERAGE(J5:J19),1) -> 77.2
A21: Highest Marks | C21: =MAX(C5:C19) -> 95 | D21: =MAX(D5:D19) -> 95 | E21: =MAX(E5:E19) -> 95 | F21: =MAX(F5:F19) -> 92 | G21: =MAX(G5:G19) -> 94 | H21: =MAX(H5:H19) -> 97 | I21: =MAX(I5:I19) -> 559 | J21: =MAX(J5:J19) -> 93.17
A22: Lowest Marks | C22: =MIN(C5:C19) -> 45 | D22: =MIN(D5:D19) -> 50 | E22: =MIN(E5:E19) -> 55 | F22: =MIN(F5:F19) -> 60 | G22: =MIN(G5:G19) -> 48 | H22: =MIN(H5:H19) -> 52 | I22: =MIN(I5:I19) -> 310 | J22: =MIN(J5:J19) -> 51.67

Sheet Summary Dashboard
A1: 📊 CLASS PERFORMANCE SUMMARY
A3: Grade | B3: Range | C3: No. of Students | D3: Percentage | F3: KEY STATISTICS
A4: A+ | B4: 90-100 | C4: =COUNTIF('Student Grades'!K5:K19,"A+") -> 2 | D4: =ROUND(C4/15*100,1) -> 13.3 | F4: Total Students | G4: =COUNTA('Student Grades'!A5:A19) -> 15
A5: A | B5: 80-89 | C5: =COUNTIF('Student Grades'!K5:K19,"A") -> 5 | D5: =ROUND(C5/15*100,1) -> 33.3 | F5: Students Passed | G5: =COUNTIF('Student Grades'!M5:M19,"✅ PASS") -> 15
A6: B+ | B6: 70-79 | C6: =COUNTIF('Student Grades'!K5:K19,"B+") -> 4 | D6: =ROUND(C6/15*100,1) -> 26.7 | F6: Students Failed | G6: =COUNTIF('Student Grades'!M5:M19,"❌ FAIL") -> 0
A7: B | B7: 60-69 | C7: =COUNTIF('Student Grades'!K5:K19,"B") -> 3 | D7: =ROUND(C7/15*100,1) -> 20 | F7: Class Average % | G7: =ROUND(AVERAGE('Student Grades'!J5:J19),2) -> 77.23
A8: C | B8: 50-59 | C8: =COUNTIF('Student Grades'!K5:K19,"C") -> 1 | D8: =ROUND(C8/15*100,1) -> 6.7 | F8: Highest Score % | G8: =MAX('Student Grades'!J5:J19) -> 93.17
A9: D | B9: 40-49 | C9: =COUNTIF('Student Grades'!K5:K19,"D") -> 0 | D9: =ROUND(C9/15*100,1) -> 0 | F9: Lowest Score % | G9: =MIN('Student Grades'!J5:J19) -> 51.67
A10: F | B10: Below 40 | C10: =COUNTIF('Student Grades'!K5:K19,"F") -> 0 | D10: =ROUND(C10/15*100,1) -> 0

Sheet Grade Key & Info
A1: 📋 GRADING SCALE & INFORMATION
A3: Grade | B3: Percentage | C3: Remarks
A4: A+ | B4: 90-100% | C4: Outstanding
A5: A | B5: 80-89% | C5: Excellent
A6: B+ | B6: 70-79% | C6: Very Good
A7: B | B7: 60-69% | C7: Good
A8: C | B8: 50-59% | C8: Average
A9: D | B9: 40-49% | C9: Below Average
A10: F | B10: <40% | C10: Fail
